date,temperature
2025-01-01,3
2025-01-02,5
2025-01-03,2
2025-01-04,4
2025-01-05,6
2025-02-01,7
2025-02-02,8
2025-02-03,5
2025-02-04,6
2025-02-05,9
2025-03-01,10
2025-03-02,12
2025-03-03,11
2025-03-04,13
2025-03-05,9
2025-04-01,15
2025-04-02,17
2025-04-03,16
2025-04-04,18
2025-04-05,14
2025-05-01,20
2025-05-02,22
2025-05-03,21
2025-05-04,19
2025-05-05,23
2025-06-01,25
2025-06-02,27
2025-06-03,26
2025-06-04,24
2025-06-05,28
2025-07-01,29
2025-07-02,31
2025-07-03,30
2025-07-04,32
2025-07-05,28
2025-08-01,30
2025-08-02,29
2025-08-03,31
2025-08-04,32
2025-08-05,30
2025-09-01,25
2025-09-02,23
2025-09-03,24
2025-09-04,26
2025-09-05,22
2025-10-01,18
2025-10-02,17
2025-10-03,19
2025-10-04,16
2025-10-05,20
2025-11-01,11
2025-11-02,13
2025-11-03,10
2025-11-04,12
2025-11-05,9
2025-12-01,5
2025-12-02,7
2025-12-03,4
2025-12-04,6
2025-12-05,3
